panel,scenario,policy,group,side,orders,intended,filled,completion,first_day_completion,full_order_share,conditional_price_cost_bps,conditional_price_and_fee_bps,conditional_delay_sessions
daily,primary,fixed50_3d,518880.SH,BUY,28,39593.99999999999,36716.7,0.9273298984694651,0.8820427337475376,0.8928571428571429,1.4434848447708823,35.487938730877204,0.09767217642108361
daily,primary,fixed50_3d,513100.SH,BUY,28,9019.300000000001,6230.0,0.6907409665938598,0.6113112991030346,0.7142857142857143,-27.60834670947049,132.90529695024057,0.16028892455858748
daily,primary,fixed50_3d,513500.SH,BUY,26,11382.5,8671.5,0.7618273665714913,0.5352602679551944,0.6923076923076923,4.266851179150438,108.05512310442288,0.3684022372138615
daily,primary,fixed100_3d,518880.SH,BUY,28,39593.99999999999,38545.49999999999,0.9735187149568116,0.9735187149568116,0.9642857142857143,11.20753395337977,46.23107755769157,0.0
daily,primary,fixed100_3d,513100.SH,BUY,28,9019.300000000001,7042.0,0.7807701262847448,0.7326289179869833,0.8214285714285714,-8.804316955410547,154.50156205623387,0.06165861971030958
daily,primary,fixed100_3d,513500.SH,BUY,26,11382.5,9941.5,0.8734021524269713,0.8734021524269713,0.8076923076923077,25.549464366544704,131.16732887391282,0.0
daily,primary,gold100_us125_3d,518880.SH,BUY,28,39593.99999999999,38545.49999999999,0.9735187149568116,0.9735187149568116,0.9642857142857143,11.20753395337977,46.23107755769157,0.0
daily,primary,gold100_us125_3d,513100.SH,BUY,28,9019.300000000001,8375.8,0.928652999678467,0.928652999678467,0.8928571428571429,16.117863368275017,165.35733900045346,0.0
daily,primary,gold100_us125_3d,513500.SH,BUY,26,11382.5,11248.8,0.9882538985284427,0.9502306171754887,0.9615384615384616,38.048502951426286,149.17146717872166,0.03847521513405875
daily,primary,gold100_us150_3d,518880.SH,BUY,28,39593.99999999999,38545.49999999999,0.9735187149568116,0.9735187149568116,0.9642857142857143,11.20753395337977,46.23107755769157,0.0
daily,primary,gold100_us150_3d,513100.SH,BUY,28,9019.300000000001,8516.1,0.9442085305955007,0.9442085305955007,0.9285714285714286,19.962189265038955,172.61422482122077,0.0
daily,primary,gold100_us150_3d,513500.SH,BUY,26,11382.5,11382.5,1.0,0.9502306171754887,1.0,41.11574785855522,155.32615857676296,0.049769382824511314
daily,primary,fixed200_3d,518880.SH,BUY,28,39593.99999999999,39593.99999999999,1.0,1.0,1.0,14.926504015759933,50.28539677728946,0.0
daily,primary,fixed200_3d,513100.SH,BUY,28,9019.300000000001,8516.1,0.9442085305955007,0.9442085305955007,0.9285714285714286,23.250079261633644,175.90211481781546,0.0
daily,primary,fixed200_3d,513500.SH,BUY,26,11382.5,11382.5,1.0,1.0,1.0,44.01493520755584,158.22534592576358,0.0
daily,primary,rolling50_3d,518880.SH,BUY,28,39593.99999999999,38545.49999999999,0.9735187149568116,0.8820427337475376,0.9642857142857143,8.794800949527197,43.81834455383898,0.17863044972824327
daily,primary,rolling50_3d,513100.SH,BUY,28,9019.300000000001,8597.7,0.9532557959043384,0.6113112991030346,0.9642857142857143,52.455889365760484,209.47462693511045,0.3901508542982426
daily,primary,rolling50_3d,513500.SH,BUY,26,11382.5,10460.2,0.9189721063035362,0.5352602679551944,0.9230769230769231,68.25873310261755,182.97929293894956,0.4754115600084128
minute60,,fixed50_3d,518880.SH,BUY,6,9610.6,9610.6,1.0,0.8134247601606559,1.0,2.4972426279317537,33.712775477077486,0.37315047967868814
minute60,,fixed50_3d,513100.SH,BUY,12,3345.1000000000004,1865.0,0.5575319123494066,0.4731697109204508,0.75,-38.60589812332467,202.6809651474528,0.302627345844504
minute60,,fixed50_3d,513500.SH,BUY,9,4454.7,3643.3,0.8178552988977934,0.29153478348710354,0.7777777777777778,1.6468586171888153,97.71361128647216,0.7482227650756182
minute60,,fixed100_3d,518880.SH,BUY,6,9610.6,9610.6,1.0,1.0,1.0,22.16302832289339,53.37856117203912,0.0
minute60,,fixed100_3d,513100.SH,BUY,12,3345.1000000000004,1865.0,0.5575319123494066,0.5575319123494066,0.75,-17.694369973190426,223.59249329758708,0.0
minute60,,fixed100_3d,513500.SH,BUY,9,4454.7,4021.8999999999996,0.9028441870384089,0.9028441870384089,0.8888888888888888,28.593450856561102,128.04893209677098,0.0
minute60,,gold100_us125_3d,518880.SH,BUY,6,9610.6,9610.6,1.0,1.0,1.0,22.16302832289339,53.37856117203912,0.0
minute60,,gold100_us125_3d,513100.SH,BUY,12,3345.1000000000004,2870.0,0.8579713610953333,0.8579713610953333,0.8333333333333334,27.87456445992995,202.09059233449443,0.0
minute60,,gold100_us125_3d,513500.SH,BUY,9,4454.7,4021.8999999999996,0.9028441870384089,0.9028441870384089,0.8888888888888888,30.582560481365306,130.03804172157515,0.0
minute60,,gold100_us150_3d,518880.SH,BUY,6,9610.6,9610.6,1.0,1.0,1.0,22.16302832289339,53.37856117203912,0.0
minute60,,gold100_us150_3d,513100.SH,BUY,12,3345.1000000000004,3010.3,0.8999133060297151,0.8999133060297151,0.9166666666666666,33.551473275088476,216.25751586220602,0.0
minute60,,gold100_us150_3d,513500.SH,BUY,9,4454.7,4454.7,1.0,0.9028441870384089,1.0,41.9781354524442,142.99503894762907,0.09715581296159113
minute60,,fixed200_3d,518880.SH,BUY,6,9610.6,9610.6,1.0,1.0,1.0,22.16302832289339,53.37856117203912,0.0
minute60,,fixed200_3d,513100.SH,BUY,12,3345.1000000000004,3010.3,0.8999133060297151,0.8999133060297151,0.9166666666666666,35.87682290801548,218.582865495133,0.0
minute60,,fixed200_3d,513500.SH,BUY,9,4454.7,4454.7,1.0,1.0,1.0,46.916739623319756,147.93364311850462,0.0
minute60,,rolling50_3d,518880.SH,BUY,6,9610.6,9610.6,1.0,0.8134247601606559,1.0,2.4972426279317537,33.712775477077486,0.37315047967868814
minute60,,rolling50_3d,513100.SH,BUY,12,3345.1000000000004,3345.1000000000004,1.0,0.4731697109204508,1.0,115.39266389644538,294.7594989686405,0.5687722340139307
minute60,,rolling50_3d,513500.SH,BUY,9,4454.7,4454.7,1.0,0.29153478348710354,1.0,108.64929175926565,209.6661952544505,0.7934541046535122
