scale,scenario,policy,group,side,orders,intended,filled,completion,first_day_completion,full_order_share,conditional_price_cost_bps,conditional_price_and_fee_bps,conditional_delay_sessions
5,primary,fixed0_3d,focus3,BUY,0,0.0,0.0,,,,,,
5,primary,fixed25_3d,focus3,BUY,0,0.0,0.0,,,,,,
5,primary,fixed50_3d,focus3,BUY,0,0.0,0.0,,,,,,
5,primary,fixed75_3d,focus3,BUY,0,0.0,0.0,,,,,,
5,primary,fixed100_3d,focus3,BUY,0,0.0,0.0,,,,,,
5,primary,fixed125_3d,focus3,BUY,0,0.0,0.0,,,,,,
5,primary,fixed150_3d,focus3,BUY,0,0.0,0.0,,,,,,
5,primary,fixed200_3d,focus3,BUY,0,0.0,0.0,,,,,,
5,primary,rolling50_3d,focus3,BUY,0,0.0,0.0,,,,,,
5,primary,gold100_us150_3d,focus3,BUY,0,0.0,0.0,,,,,,
5,primary,gold100_only_3d,focus3,BUY,0,0.0,0.0,,,,,,
5,primary,gold75_us125_3d,focus3,BUY,0,0.0,0.0,,,,,,
5,primary,gold100_us125_3d,focus3,BUY,0,0.0,0.0,,,,,,
5,primary,gold75_us150_3d,focus3,BUY,0,0.0,0.0,,,,,,
5,primary,fixed50_1d,focus3,BUY,0,0.0,0.0,,,,,,
5,primary,fixed50_2d,focus3,BUY,0,0.0,0.0,,,,,,
5,primary,fixed50_5d,focus3,BUY,0,0.0,0.0,,,,,,
5,primary,rolling50_1d,focus3,BUY,0,0.0,0.0,,,,,,
5,primary,rolling50_2d,focus3,BUY,0,0.0,0.0,,,,,,
5,primary,rolling50_5d,focus3,BUY,0,0.0,0.0,,,,,,
5,primary,gold100_us150_1d,focus3,BUY,0,0.0,0.0,,,,,,
5,primary,gold100_us150_2d,focus3,BUY,0,0.0,0.0,,,,,,
5,primary,gold100_us150_5d,focus3,BUY,0,0.0,0.0,,,,,,
5,primary,fixed50_focus1d,focus3,BUY,0,0.0,0.0,,,,,,
5,primary,fixed50_focus2d,focus3,BUY,0,0.0,0.0,,,,,,
5,primary,fixed50_focus5d,focus3,BUY,0,0.0,0.0,,,,,,
5,primary,rolling50_focus1d,focus3,BUY,0,0.0,0.0,,,,,,
5,primary,rolling50_focus2d,focus3,BUY,0,0.0,0.0,,,,,,
5,primary,rolling50_focus5d,focus3,BUY,0,0.0,0.0,,,,,,
5,primary,gold100_us150_focus1d,focus3,BUY,0,0.0,0.0,,,,,,
5,primary,gold100_us150_focus2d,focus3,BUY,0,0.0,0.0,,,,,,
5,primary,gold100_us150_focus5d,focus3,BUY,0,0.0,0.0,,,,,,
5,slip25,fixed50_3d,focus3,BUY,0,0.0,0.0,,,,,,
5,slip25,rolling50_3d,focus3,BUY,0,0.0,0.0,,,,,,
5,slip25,fixed100_3d,focus3,BUY,0,0.0,0.0,,,,,,
5,slip25,gold100_us150_3d,focus3,BUY,0,0.0,0.0,,,,,,
5,slip25,gold100_only_3d,focus3,BUY,0,0.0,0.0,,,,,,
5,slip50,fixed50_3d,focus3,BUY,0,0.0,0.0,,,,,,
5,slip50,rolling50_3d,focus3,BUY,0,0.0,0.0,,,,,,
5,slip50,fixed100_3d,focus3,BUY,0,0.0,0.0,,,,,,
5,slip50,gold100_us150_3d,focus3,BUY,0,0.0,0.0,,,,,,
5,slip50,gold100_only_3d,focus3,BUY,0,0.0,0.0,,,,,,
5,capital1m,fixed50_3d,focus3,BUY,0,0.0,0.0,,,,,,
5,capital1m,rolling50_3d,focus3,BUY,0,0.0,0.0,,,,,,
5,capital1m,fixed100_3d,focus3,BUY,0,0.0,0.0,,,,,,
5,capital1m,gold100_us150_3d,focus3,BUY,0,0.0,0.0,,,,,,
5,capital1m,gold100_only_3d,focus3,BUY,0,0.0,0.0,,,,,,
5,capacity01,fixed50_3d,focus3,BUY,0,0.0,0.0,,,,,,
5,capacity01,rolling50_3d,focus3,BUY,0,0.0,0.0,,,,,,
5,capacity01,fixed100_3d,focus3,BUY,0,0.0,0.0,,,,,,
5,capacity01,gold100_us150_3d,focus3,BUY,0,0.0,0.0,,,,,,
5,capacity01,gold100_only_3d,focus3,BUY,0,0.0,0.0,,,,,,
5,capacity5,fixed50_3d,focus3,BUY,0,0.0,0.0,,,,,,
5,capacity5,rolling50_3d,focus3,BUY,0,0.0,0.0,,,,,,
5,capacity5,fixed100_3d,focus3,BUY,0,0.0,0.0,,,,,,
5,capacity5,gold100_us150_3d,focus3,BUY,0,0.0,0.0,,,,,,
5,capacity5,gold100_only_3d,focus3,BUY,0,0.0,0.0,,,,,,
5,open_only,fixed50_3d,focus3,BUY,0,0.0,0.0,,,,,,
5,open_only,rolling50_3d,focus3,BUY,0,0.0,0.0,,,,,,
5,open_only,fixed100_3d,focus3,BUY,0,0.0,0.0,,,,,,
5,open_only,gold100_us150_3d,focus3,BUY,0,0.0,0.0,,,,,,
5,open_only,gold100_only_3d,focus3,BUY,0,0.0,0.0,,,,,,
5,reverse,fixed50_3d,focus3,BUY,0,0.0,0.0,,,,,,
5,reverse,rolling50_3d,focus3,BUY,0,0.0,0.0,,,,,,
5,reverse,fixed100_3d,focus3,BUY,0,0.0,0.0,,,,,,
5,reverse,gold100_us150_3d,focus3,BUY,0,0.0,0.0,,,,,,
5,reverse,gold100_only_3d,focus3,BUY,0,0.0,0.0,,,,,,
5,close_included,fixed50_3d,focus3,BUY,0,0.0,0.0,,,,,,
5,close_included,rolling50_3d,focus3,BUY,0,0.0,0.0,,,,,,
5,close_included,fixed100_3d,focus3,BUY,0,0.0,0.0,,,,,,
5,close_included,gold100_us150_3d,focus3,BUY,0,0.0,0.0,,,,,,
5,close_included,gold100_only_3d,focus3,BUY,0,0.0,0.0,,,,,,
15,primary,fixed0_3d,focus3,BUY,10,8030.099999999999,5278.4,0.6573268078853315,0.3544787736142763,0.6,-44.33161564110277,12.503789026978467,0.46072673537435593
15,primary,fixed25_3d,focus3,BUY,10,8030.099999999999,5278.4,0.6573268078853315,0.4128466644251006,0.6,-31.44892391633802,25.38648075174322,0.3719308881479236
15,primary,fixed50_3d,focus3,BUY,10,8030.099999999999,6257.499999999999,0.7792555509894024,0.5347754075291714,0.7,-9.268877347182856,46.66400319616514,0.31373551737914507
15,primary,fixed75_3d,focus3,BUY,10,8030.099999999999,6257.499999999999,0.7792555509894024,0.7792555509894024,0.7,2.7167399121059552,58.64962045545394,0.0
15,primary,fixed100_3d,focus3,BUY,10,8030.099999999999,6257.499999999999,0.7792555509894024,0.7792555509894024,0.7,5.5932880543350345,61.52616859768303,0.0
15,primary,fixed125_3d,focus3,BUY,10,8030.099999999999,7695.3,0.9583068704001196,0.9044096586592943,0.9,26.24978883214429,84.72704118098058,0.05624212181461412
15,primary,fixed150_3d,focus3,BUY,10,8030.099999999999,7695.3,0.9583068704001196,0.9044096586592943,0.9,27.54928332878518,86.02653567762148,0.05624212181461412
15,primary,fixed200_3d,focus3,BUY,10,8030.099999999999,7695.3,0.9583068704001196,0.9583068704001196,0.9,30.408171221394877,88.88542357023118,0.0
15,primary,rolling50_3d,focus3,BUY,10,8030.099999999999,8030.099999999999,1.0,0.5347754075291714,1.0,70.8583952877299,133.12412049663143,0.4652245924708285
15,primary,gold100_us150_3d,focus3,BUY,10,8030.099999999999,7695.3,0.9583068704001196,0.9044096586592943,0.9,27.54928332878518,86.02653567762148,0.05624212181461412
15,primary,gold100_only_3d,focus3,BUY,10,8030.099999999999,6257.499999999999,0.7792555509894024,0.5347754075291714,0.7,-3.35597283260051,52.576907710747484,0.31373551737914507
15,primary,gold75_us125_3d,focus3,BUY,10,8030.099999999999,7695.3,0.9583068704001196,0.9044096586592943,0.9,24.690395436175496,83.1676477850118,0.05624212181461412
15,primary,gold100_us125_3d,focus3,BUY,10,8030.099999999999,7695.3,0.9583068704001196,0.9044096586592943,0.9,26.24978883214429,84.72704118098058,0.05624212181461412
15,primary,gold75_us150_3d,focus3,BUY,10,8030.099999999999,7695.3,0.9583068704001196,0.9044096586592943,0.9,25.989889932816393,84.46714228165268,0.05624212181461412
15,primary,fixed50_1d,focus3,BUY,10,8030.099999999999,4294.299999999999,0.5347754075291714,0.5347754075291714,0.6,-35.861490813403904,33.99855622569444,0.0
15,primary,fixed50_2d,focus3,BUY,10,8030.099999999999,6257.499999999999,0.7792555509894024,0.5347754075291714,0.7,-9.268877347182856,46.66400319616514,0.31373551737914507
15,primary,fixed50_5d,focus3,BUY,10,8030.099999999999,6257.499999999999,0.7792555509894024,0.5347754075291714,0.7,-9.268877347182856,46.66400319616514,0.31373551737914507
15,primary,rolling50_1d,focus3,BUY,10,8030.099999999999,4294.299999999999,0.5347754075291714,0.5347754075291714,0.6,-35.861490813403904,33.99855622569444,0.0
15,primary,rolling50_2d,focus3,BUY,10,8030.099999999999,8030.099999999999,1.0,0.5347754075291714,1.0,70.8583952877299,133.12412049663143,0.4652245924708285
15,primary,rolling50_5d,focus3,BUY,10,8030.099999999999,8030.099999999999,1.0,0.5347754075291714,1.0,70.8583952877299,133.12412049663143,0.4652245924708285
15,primary,gold100_us150_1d,focus3,BUY,10,8030.099999999999,7262.499999999999,0.9044096586592943,0.9044096586592943,0.8,20.378657487091306,75.45611015490542,0.0
15,primary,gold100_us150_2d,focus3,BUY,10,8030.099999999999,7695.3,0.9583068704001196,0.9044096586592943,0.9,27.54928332878518,86.02653567762148,0.05624212181461412
15,primary,gold100_us150_5d,focus3,BUY,10,8030.099999999999,7695.3,0.9583068704001196,0.9044096586592943,0.9,27.54928332878518,86.02653567762148,0.05624212181461412
15,primary,fixed50_focus1d,focus3,BUY,10,8030.099999999999,4294.299999999999,0.5347754075291714,0.5347754075291714,0.6,-35.861490813403904,33.99855622569444,0.0
15,primary,fixed50_focus2d,focus3,BUY,10,8030.099999999999,6257.499999999999,0.7792555509894024,0.5347754075291714,0.7,-9.268877347182856,46.66400319616514,0.31373551737914507
15,primary,fixed50_focus5d,focus3,BUY,10,8030.099999999999,6257.499999999999,0.7792555509894024,0.5347754075291714,0.7,-9.268877347182856,46.66400319616514,0.31373551737914507
15,primary,rolling50_focus1d,focus3,BUY,10,8030.099999999999,4294.299999999999,0.5347754075291714,0.5347754075291714,0.6,-35.861490813403904,33.99855622569444,0.0
15,primary,rolling50_focus2d,focus3,BUY,10,8030.099999999999,8030.099999999999,1.0,0.5347754075291714,1.0,70.8583952877299,133.12412049663143,0.4652245924708285
15,primary,rolling50_focus5d,focus3,BUY,10,8030.099999999999,8030.099999999999,1.0,0.5347754075291714,1.0,70.8583952877299,133.12412049663143,0.4652245924708285
15,primary,gold100_us150_focus1d,focus3,BUY,10,8030.099999999999,7262.499999999999,0.9044096586592943,0.9044096586592943,0.8,20.378657487091306,75.45611015490542,0.0
15,primary,gold100_us150_focus2d,focus3,BUY,10,8030.099999999999,7695.3,0.9583068704001196,0.9044096586592943,0.9,27.54928332878518,86.02653567762148,0.05624212181461412
15,primary,gold100_us150_focus5d,focus3,BUY,10,8030.099999999999,7695.3,0.9583068704001196,0.9044096586592943,0.9,27.54928332878518,86.02653567762148,0.05624212181461412
30,primary,fixed0_3d,focus3,BUY,11,8210.300000000001,5458.599999999999,0.6648478131127972,0.36864669987698373,0.6363636363636364,-42.8681346865491,21.250870186495284,0.44551716557359033
30,primary,fixed25_3d,focus3,BUY,11,8210.300000000001,5458.599999999999,0.6648478131127972,0.42573352983447615,0.6363636363636364,-29.67793939838028,34.4410654746641,0.3596526581907449
30,primary,fixed50_3d,focus3,BUY,11,8210.300000000001,6437.7,0.7841004591793234,0.5449861759010022,0.7272727272727273,-7.611414014321392,54.52257793932665,0.30495363250850455
30,primary,fixed75_3d,focus3,BUY,11,8210.300000000001,6437.7,0.7841004591793234,0.7841004591793234,0.7272727272727273,4.038709476987572,66.17270143063563,0.0
30,primary,fixed100_3d,focus3,BUY,11,8210.300000000001,6437.7,0.7841004591793234,0.7841004591793234,0.7272727272727273,6.834739114901495,68.96873106854953,0.0
30,primary,fixed125_3d,focus3,BUY,11,8210.300000000001,7875.500000000001,0.9592219529128047,0.9065076793783416,0.9090909090909091,26.791949717478236,90.27998222335088,0.05495524093708336
30,primary,fixed150_3d,focus3,BUY,11,8210.300000000001,7875.500000000001,0.9592219529128047,0.9065076793783416,0.9090909090909091,28.06171036759577,91.5497428734684,0.05495524093708336
30,primary,fixed200_3d,focus3,BUY,11,8210.300000000001,7875.500000000001,0.9592219529128047,0.9592219529128047,0.9090909090909091,30.855183797854085,94.34321630372672,0.0
30,primary,rolling50_3d,focus3,BUY,11,8210.300000000001,8210.300000000001,1.0,0.5449861759010022,1.0,70.39937639306723,137.38840237262949,0.4550138240989975
30,primary,gold100_us150_3d,focus3,BUY,11,8210.300000000001,7875.500000000001,0.9592219529128047,0.9065076793783416,0.9090909090909091,28.06171036759577,91.5497428734684,0.05495524093708336
30,primary,gold100_only_3d,focus3,BUY,11,8210.300000000001,6437.7,0.7841004591793234,0.5449861759010022,0.7272727272727273,-1.864019758609098,60.26997219503895,0.30495363250850455
30,primary,gold75_us125_3d,focus3,BUY,11,8210.300000000001,7875.500000000001,0.9592219529128047,0.9065076793783416,0.9090909090909091,25.26823693733746,88.7562694432101,0.05495524093708336
30,primary,gold100_us125_3d,focus3,BUY,11,8210.300000000001,7875.500000000001,0.9592219529128047,0.9065076793783416,0.9090909090909091,26.791949717478236,90.27998222335088,0.05495524093708336
30,primary,gold75_us150_3d,focus3,BUY,11,8210.300000000001,7875.500000000001,0.9592219529128047,0.9065076793783416,0.9090909090909091,26.537997587454992,90.02603009332762,0.05495524093708336
30,primary,fixed50_1d,focus3,BUY,11,8210.300000000001,4474.499999999999,0.5449861759010022,0.5449861759010022,0.6363636363636364,-32.40585540283842,45.815174879874746,0.0
30,primary,fixed50_2d,focus3,BUY,11,8210.300000000001,6437.7,0.7841004591793234,0.5449861759010022,0.7272727272727273,-7.611414014321392,54.52257793932665,0.30495363250850455
30,primary,fixed50_5d,focus3,BUY,11,8210.300000000001,6437.7,0.7841004591793234,0.5449861759010022,0.7272727272727273,-7.611414014321392,54.52257793932665,0.30495363250850455
30,primary,rolling50_1d,focus3,BUY,11,8210.300000000001,4474.499999999999,0.5449861759010022,0.5449861759010022,0.6363636363636364,-32.40585540283842,45.815174879874746,0.0
30,primary,rolling50_2d,focus3,BUY,11,8210.300000000001,8210.300000000001,1.0,0.5449861759010022,1.0,70.39937639306723,137.38840237262949,0.4550138240989975
30,primary,rolling50_5d,focus3,BUY,11,8210.300000000001,8210.300000000001,1.0,0.5449861759010022,1.0,70.39937639306723,137.38840237262949,0.4550138240989975
30,primary,gold100_us150_1d,focus3,BUY,11,8210.300000000001,7442.7,0.9065076793783416,0.9065076793783416,0.8181818181818182,21.0944952772516,81.55642441587065,0.0
30,primary,gold100_us150_2d,focus3,BUY,11,8210.300000000001,7875.500000000001,0.9592219529128047,0.9065076793783416,0.9090909090909091,28.06171036759577,91.5497428734684,0.05495524093708336
30,primary,gold100_us150_5d,focus3,BUY,11,8210.300000000001,7875.500000000001,0.9592219529128047,0.9065076793783416,0.9090909090909091,28.06171036759577,91.5497428734684,0.05495524093708336
30,primary,fixed50_focus1d,focus3,BUY,11,8210.300000000001,4474.499999999999,0.5449861759010022,0.5449861759010022,0.6363636363636364,-32.40585540283842,45.815174879874746,0.0
30,primary,fixed50_focus2d,focus3,BUY,11,8210.300000000001,6437.7,0.7841004591793234,0.5449861759010022,0.7272727272727273,-7.611414014321392,54.52257793932665,0.30495363250850455
30,primary,fixed50_focus5d,focus3,BUY,11,8210.300000000001,6437.7,0.7841004591793234,0.5449861759010022,0.7272727272727273,-7.611414014321392,54.52257793932665,0.30495363250850455
30,primary,rolling50_focus1d,focus3,BUY,11,8210.300000000001,4474.499999999999,0.5449861759010022,0.5449861759010022,0.6363636363636364,-32.40585540283842,45.815174879874746,0.0
30,primary,rolling50_focus2d,focus3,BUY,11,8210.300000000001,8210.300000000001,1.0,0.5449861759010022,1.0,70.39937639306723,137.38840237262949,0.4550138240989975
30,primary,rolling50_focus5d,focus3,BUY,11,8210.300000000001,8210.300000000001,1.0,0.5449861759010022,1.0,70.39937639306723,137.38840237262949,0.4550138240989975
30,primary,gold100_us150_focus1d,focus3,BUY,11,8210.300000000001,7442.7,0.9065076793783416,0.9065076793783416,0.8181818181818182,21.0944952772516,81.55642441587065,0.0
30,primary,gold100_us150_focus2d,focus3,BUY,11,8210.300000000001,7875.500000000001,0.9592219529128047,0.9065076793783416,0.9090909090909091,28.06171036759577,91.5497428734684,0.05495524093708336
30,primary,gold100_us150_focus5d,focus3,BUY,11,8210.300000000001,7875.500000000001,0.9592219529128047,0.9065076793783416,0.9090909090909091,28.06171036759577,91.5497428734684,0.05495524093708336
60,primary,fixed0_3d,focus3,BUY,27,17410.4,8528.5,0.48985089371869683,0.31205486375959196,0.6666666666666666,-56.047370580992855,49.481151433429375,0.44076918567157175
60,primary,fixed25_3d,focus3,BUY,27,17410.4,10482.8,0.6020998943160409,0.3389755548407848,0.7407407407407407,-33.483420460182245,61.91093982523769,0.6713664288167284
60,primary,fixed50_3d,focus3,BUY,27,17410.4,15118.900000000001,0.868383265174838,0.6145177595000689,0.8148148148148148,-2.777979879488299,69.97863601187946,0.4548346771259813
60,primary,fixed75_3d,focus3,BUY,27,17410.4,15118.900000000001,0.868383265174838,0.868383265174838,0.8148148148148148,15.21274695910438,87.96936285047214,0.0
60,primary,fixed100_3d,focus3,BUY,27,17410.4,15497.5,0.8901288884804484,0.8901288884804484,0.8518518518518519,19.035328278754772,93.24084529762878,0.0
60,primary,fixed125_3d,focus3,BUY,27,17410.4,16502.5,0.947853007397877,0.947853007397877,0.8888888888888888,25.20830177245879,97.92455688532047,0.0
60,primary,fixed150_3d,focus3,BUY,27,17410.4,17075.600000000002,0.980770114414373,0.9559114092726188,0.9629629629629629,29.340111035629853,105.47213567898058,0.025346107896647846
60,primary,fixed200_3d,focus3,BUY,27,17410.4,17075.600000000002,0.980770114414373,0.980770114414373,0.9629629629629629,31.038440816135328,107.17046545948607,0.0
60,primary,rolling50_3d,focus3,BUY,27,17410.4,17410.4,1.0,0.6145177595000689,1.0,51.34861921610077,128.88848044846762,0.5182764324771402
60,primary,gold100_us150_3d,focus3,BUY,27,17410.4,17075.600000000002,0.980770114414373,0.9559114092726188,0.9629629629629629,29.340111035629853,105.47213567898058,0.025346107896647846
60,primary,gold100_only_3d,focus3,BUY,27,17410.4,15118.900000000001,0.868383265174838,0.717507926296926,0.8148148148148148,9.72292957821023,82.47954546957799,0.21763488084450583
60,primary,gold75_us125_3d,focus3,BUY,27,17410.4,16502.5,0.947853007397877,0.947853007397877,0.8888888888888888,23.935767307983774,96.65202242084547,0.0
60,primary,gold100_us125_3d,focus3,BUY,27,17410.4,16502.5,0.947853007397877,0.947853007397877,0.8888888888888888,25.20830177245879,97.92455688532047,0.0
60,primary,gold75_us150_3d,focus3,BUY,27,17410.4,17075.600000000002,0.980770114414373,0.9559114092726188,0.9629629629629629,28.110286022160395,104.24231066551113,0.025346107896647846
60,primary,fixed50_1d,focus3,BUY,27,17410.4,10699.0,0.6145177595000689,0.6145177595000689,0.6666666666666666,-17.197868959715734,66.92214225628575,0.0
60,primary,fixed50_2d,focus3,BUY,27,17410.4,12662.199999999999,0.7272779488122041,0.6145177595000689,0.7037037037037037,-6.949819146751357,68.07663755113686,0.1550441471466254
60,primary,fixed50_5d,focus3,BUY,27,17410.4,15118.900000000001,0.868383265174838,0.6145177595000689,0.8148148148148148,-2.777979879488299,69.97863601187946,0.4548346771259813
60,primary,rolling50_1d,focus3,BUY,27,17410.4,10699.0,0.6145177595000689,0.6145177595000689,0.6666666666666666,-17.197868959715734,66.92214225628575,0.0
60,primary,rolling50_2d,focus3,BUY,27,17410.4,15098.400000000001,0.867205808022791,0.6145177595000689,0.8888888888888888,44.44179515710285,123.9204154082553,0.29138186827743334
60,primary,rolling50_5d,focus3,BUY,27,17410.4,17410.4,1.0,0.6145177595000689,1.0,51.34861921610077,128.88848044846762,0.5182764324771402
60,primary,gold100_us150_1d,focus3,BUY,27,17410.4,16642.800000000003,0.9559114092726188,0.9559114092726188,0.9259259259259259,26.25760088446662,101.36515490181944,0.0
60,primary,gold100_us150_2d,focus3,BUY,27,17410.4,17075.600000000002,0.980770114414373,0.9559114092726188,0.9629629629629629,29.340111035629853,105.47213567898058,0.025346107896647846
60,primary,gold100_us150_5d,focus3,BUY,27,17410.4,17075.600000000002,0.980770114414373,0.9559114092726188,0.9629629629629629,29.340111035629853,105.47213567898058,0.025346107896647846
60,primary,fixed50_focus1d,focus3,BUY,27,17410.4,10699.0,0.6145177595000689,0.6145177595000689,0.6666666666666666,-17.197868959715734,66.92214225628575,0.0
60,primary,fixed50_focus2d,focus3,BUY,27,17410.4,12662.199999999999,0.7272779488122041,0.6145177595000689,0.7037037037037037,-6.949819146751357,68.07663755113686,0.1550441471466254
60,primary,fixed50_focus5d,focus3,BUY,27,17410.4,15118.900000000001,0.868383265174838,0.6145177595000689,0.8148148148148148,-2.777979879488299,69.97863601187946,0.4548346771259813
60,primary,rolling50_focus1d,focus3,BUY,27,17410.4,10699.0,0.6145177595000689,0.6145177595000689,0.6666666666666666,-17.197868959715734,66.92214225628575,0.0
60,primary,rolling50_focus2d,focus3,BUY,27,17410.4,15098.400000000001,0.867205808022791,0.6145177595000689,0.8888888888888888,44.44179515710285,123.9204154082553,0.29138186827743334
60,primary,rolling50_focus5d,focus3,BUY,27,17410.4,17410.4,1.0,0.6145177595000689,1.0,51.34861921610077,128.88848044846762,0.5182764324771402
60,primary,gold100_us150_focus1d,focus3,BUY,27,17410.4,16642.800000000003,0.9559114092726188,0.9559114092726188,0.9259259259259259,26.25760088446662,101.36515490181944,0.0
60,primary,gold100_us150_focus2d,focus3,BUY,27,17410.4,17075.600000000002,0.980770114414373,0.9559114092726188,0.9629629629629629,29.340111035629853,105.47213567898058,0.025346107896647846
60,primary,gold100_us150_focus5d,focus3,BUY,27,17410.4,17075.600000000002,0.980770114414373,0.9559114092726188,0.9629629629629629,29.340111035629853,105.47213567898058,0.025346107896647846
60,slip25,fixed50_3d,focus3,BUY,27,17410.4,15118.900000000001,0.868383265174838,0.6145177595000689,0.8148148148148148,7.20951921105411,79.96613510242187,0.4548346771259813
60,slip25,rolling50_3d,focus3,BUY,27,17410.4,17410.4,1.0,0.6145177595000689,1.0,64.84629876395753,142.38615999632438,0.5182764324771402
60,slip25,fixed100_3d,focus3,BUY,27,17410.4,15497.5,0.8901288884804484,0.8901288884804484,0.8518518518518519,37.877076947894935,112.08259396676894,0.0
60,slip25,gold100_us150_3d,focus3,BUY,27,17410.4,17075.600000000002,0.980770114414373,0.9559114092726188,0.9629629629629629,48.43168029234702,124.56370493569777,0.025346107896647846
60,slip25,gold100_only_3d,focus3,BUY,27,17410.4,15118.900000000001,0.868383265174838,0.717507926296926,0.8148148148148148,25.66324269622817,98.41985858759593,0.21763488084450583
60,slip50,fixed50_3d,focus3,BUY,27,17410.4,15118.900000000001,0.868383265174838,0.6145177595000689,0.8148148148148148,16.469452142682755,89.2260680340505,0.4548346771259813
60,slip50,rolling50_3d,focus3,BUY,27,17410.4,17410.4,1.0,0.6145177595000689,1.0,79.55015393098397,157.0900151633508,0.5182764324771402
60,slip50,fixed100_3d,focus3,BUY,27,17410.4,15497.5,0.8901288884804484,0.8901288884804484,0.8518518518518519,51.298596547830726,125.50411356670476,0.0
60,slip50,gold100_us150_3d,focus3,BUY,27,17410.4,17075.600000000002,0.980770114414373,0.9559114092726188,0.9629629629629629,65.06359952212549,141.1956241654762,0.025346107896647846
60,slip50,gold100_only_3d,focus3,BUY,27,17410.4,15118.900000000001,0.868383265174838,0.717507926296926,0.8148148148148148,37.899582641594705,110.65619853296246,0.21763488084450583
60,capital1m,fixed50_3d,focus3,BUY,30,82918.5,72276.09999999999,0.8716522850751037,0.6004631053383745,0.8333333333333334,-7.4436777856023735,9.851112608455967,0.48475222099698245
60,capital1m,rolling50_3d,focus3,BUY,30,82918.5,82918.5,1.0,0.6004631053383745,1.0,44.97186996870431,63.06192224895539,0.5393102866067282
60,capital1m,fixed100_3d,focus3,BUY,30,82918.5,73601.2,0.8876330372594776,0.8832118284821842,0.8666666666666667,10.339505334152339,28.002260832703996,0.004980897050591566
60,capital1m,gold100_us150_3d,focus3,BUY,30,82918.5,81244.5,0.9798115016552398,0.9615429608591568,0.9666666666666667,21.355291742825763,39.20265371809794,0.018644954427684338
60,capital1m,gold100_only_3d,focus3,BUY,30,82918.5,72276.09999999999,0.8716522850751037,0.7157956306493727,0.8333333333333334,1.7709865363518003,19.06577693041014,0.22012255780264847
60,capacity01,fixed50_3d,focus3,BUY,27,17410.4,15118.900000000001,0.868383265174838,0.6145177595000689,0.8148148148148148,-2.777979879488299,69.97863601187946,0.4548346771259813
60,capacity01,rolling50_3d,focus3,BUY,27,17410.4,17410.4,1.0,0.6145177595000689,1.0,51.34861921610077,128.88848044846762,0.5182764324771402
60,capacity01,fixed100_3d,focus3,BUY,27,17410.4,15497.5,0.8901288884804484,0.8901288884804484,0.8518518518518519,19.035328278754772,93.24084529762878,0.0
60,capacity01,gold100_us150_3d,focus3,BUY,27,17410.4,17075.600000000002,0.980770114414373,0.9559114092726188,0.9629629629629629,29.340111035629853,105.47213567898058,0.025346107896647846
60,capacity01,gold100_only_3d,focus3,BUY,27,17410.4,15118.900000000001,0.868383265174838,0.717507926296926,0.8148148148148148,9.72292957821023,82.47954546957799,0.21763488084450583
60,capacity5,fixed50_3d,focus3,BUY,27,17410.4,15118.900000000001,0.868383265174838,0.6145177595000689,0.8148148148148148,-2.777979879488299,69.97863601187946,0.4548346771259813
60,capacity5,rolling50_3d,focus3,BUY,27,17410.4,17410.4,1.0,0.6145177595000689,1.0,51.34861921610077,128.88848044846762,0.5182764324771402
60,capacity5,fixed100_3d,focus3,BUY,27,17410.4,15497.5,0.8901288884804484,0.8901288884804484,0.8518518518518519,19.035328278754772,93.24084529762878,0.0
60,capacity5,gold100_us150_3d,focus3,BUY,27,17410.4,17075.600000000002,0.980770114414373,0.9559114092726188,0.9629629629629629,29.340111035629853,105.47213567898058,0.025346107896647846
60,capacity5,gold100_only_3d,focus3,BUY,27,17410.4,15118.900000000001,0.868383265174838,0.717507926296926,0.8148148148148148,9.72292957821023,82.47954546957799,0.21763488084450583
60,open_only,fixed50_3d,focus3,BUY,27,17410.4,8519.6,0.48933970500390567,0.33557528833340994,0.7037037037037037,-45.659420630076745,65.84816188553432,0.602586975914362
60,open_only,rolling50_3d,focus3,BUY,27,17410.4,17410.4,1.0,0.33557528833340994,1.0,66.22478518586577,143.76464641823262,0.7972189036437991
60,open_only,fixed100_3d,focus3,BUY,27,17410.4,15118.900000000001,0.868383265174838,0.868383265174838,0.8148148148148148,16.93244878926389,89.68906468063165,0.0
60,open_only,gold100_us150_3d,focus3,BUY,27,17410.4,16502.5,0.947853007397877,0.947853007397877,0.8888888888888888,25.20830177245879,97.92455688532047,0.0
60,open_only,gold100_only_3d,focus3,BUY,27,17410.4,13155.7,0.7556230758627027,0.704848825989064,0.7777777777777778,2.1283550096155204,81.94166787020066,0.117637221888611
60,reverse,fixed50_3d,focus3,BUY,27,17410.4,15118.900000000001,0.868383265174838,0.6145177595000689,0.8148148148148148,-2.777979879488299,69.97863601187946,0.4548346771259813
60,reverse,rolling50_3d,focus3,BUY,27,17410.4,17410.4,1.0,0.6145177595000689,1.0,51.34861921610077,128.88848044846762,0.5182764324771402
60,reverse,fixed100_3d,focus3,BUY,27,17410.4,15497.5,0.8901288884804484,0.8901288884804484,0.8518518518518519,19.035328278754772,93.24084529762878,0.0
60,reverse,gold100_us150_3d,focus3,BUY,27,17410.4,17075.600000000002,0.980770114414373,0.9559114092726188,0.9629629629629629,29.340111035629853,105.47213567898058,0.025346107896647846
60,reverse,gold100_only_3d,focus3,BUY,27,17410.4,15118.900000000001,0.868383265174838,0.717507926296926,0.8148148148148148,9.72292957821023,82.47954546957799,0.21763488084450583
60,close_included,fixed50_3d,focus3,BUY,27,17410.4,15118.900000000001,0.868383265174838,0.6145177595000689,0.8148148148148148,-2.777979879488299,69.97863601187946,0.4548346771259813
60,close_included,rolling50_3d,focus3,BUY,27,17410.4,17410.4,1.0,0.6145177595000689,1.0,51.34861921610077,128.88848044846762,0.5182764324771402
60,close_included,fixed100_3d,focus3,BUY,27,17410.4,15497.5,0.8901288884804484,0.8901288884804484,0.8518518518518519,19.035328278754772,93.24084529762878,0.0
60,close_included,gold100_us150_3d,focus3,BUY,27,17410.4,17075.600000000002,0.980770114414373,0.9559114092726188,0.9629629629629629,29.340111035629853,105.47213567898058,0.025346107896647846
60,close_included,gold100_only_3d,focus3,BUY,27,17410.4,15118.900000000001,0.868383265174838,0.717507926296926,0.8148148148148148,9.72292957821023,82.47954546957799,0.21763488084450583
