policy,daily_focus_buy_orders,daily_completion,daily_first_day,daily_total_return,minute60_focus_buy_orders,minute60_completion,minute60_first_day,minute60_price_cost_bps,minute60_total_return,minute60_max_drawdown
fixed0_3d,82,0.5988852553012045,0.4708762946739605,0.54337245875,27,0.48985089371869683,0.31205486375959196,-56.047370580992855,0.14063204258739992,-0.020198326170581704
fixed25_3d,82,0.6646615263068416,0.5204447644668461,0.5437389587499999,27,0.6020998943160409,0.3389755548407848,-33.483420460182245,0.14076849841773975,-0.020210972189244836
fixed50_3d,82,0.8603635587824482,0.7755509552335331,0.5464809587499999,27,0.868383265174838,0.6145177595000689,-2.777979879488299,0.14073198726313518,-0.020211199282863745
fixed75_3d,82,0.8882221755522887,0.8770797289143574,0.5467179587500002,27,0.868383265174838,0.868383265174838,15.21274695910438,0.1406283545919853,-0.020193079141390458
fixed100_3d,82,0.9255481217018525,0.918310948433057,0.5469824587499998,27,0.8901288884804484,0.8901288884804484,19.035328278754772,0.14076554802140828,-0.0202102174735872
fixed125_3d,82,0.9695695365342241,0.9623556982322097,0.5478554587500002,27,0.947853007397877,0.947853007397877,25.20830177245879,0.1413379249097526,-0.02021027090293026
fixed150_3d,82,0.9916127462255692,0.9821704185959684,0.54792695875,27,0.980770114414373,0.9559114092726188,29.340111035629853,0.1415260126758966,-0.020210204116295594
fixed200_3d,82,0.9916127462255692,0.9916127462255692,0.5478979587500001,27,0.980770114414373,0.980770114414373,31.038440816135328,0.14151531748919433,-0.020210250866893542
rolling50_3d,82,0.9601238753379403,0.7755509552335331,0.54776495875,27,1.0,0.6145177595000689,51.34861921610077,0.14163443974108536,-0.02021044455024612
gold100_us150_3d,82,0.9741365228899357,0.964694195260335,0.54783695875,27,0.980770114414373,0.9559114092726188,29.340111035629853,0.1415260126758966,-0.020210204116295594
gold100_only_3d,82,0.8908456925318107,0.8359201810793423,0.54661345875,27,0.868383265174838,0.717507926296926,9.72292957821023,0.1406644969470483,-0.020212214587333133
gold75_us125_3d,82,0.9450611542807997,0.9378473159787852,0.5477614587500002,27,0.947853007397877,0.947853007397877,23.935767307983774,0.14134124410562565,-0.020210210794939232
gold100_us125_3d,82,0.9695695365342241,0.9623556982322097,0.5478674587499999,27,0.947853007397877,0.947853007397877,25.20830177245879,0.1413379249097526,-0.02021027090293026
gold75_us150_3d,82,0.9496281406365112,0.9401858130069105,0.5476729587500002,27,0.980770114414373,0.9559114092726188,28.110286022160395,0.14152933187176964,-0.020210144008701802
fixed50_1d,82,0.7755509552335331,0.7755509552335331,0.5381614587499999,27,0.6145177595000689,0.6145177595000689,-17.197868959715734,0.13894921027972273,-0.02021196383200119
fixed50_2d,82,0.8155104190626677,0.7755509552335331,0.5421059587499997,27,0.7272779488122041,0.6145177595000689,-6.949819146751357,0.139660624595197,-0.02021196383200119
fixed50_5d,82,0.8653989112571213,0.7755509552335331,0.5653013521000001,27,0.868383265174838,0.6145177595000689,-2.777979879488299,0.14073198726313518,-0.020211199282863745
rolling50_1d,82,0.7755509552335331,0.7755509552335331,0.5381614587499999,27,0.6145177595000689,0.6145177595000689,-17.197868959715734,0.13894921027972273,-0.02021196383200119
rolling50_2d,82,0.8911340460498903,0.7755509552335331,0.54307245875,27,0.867205808022791,0.6145177595000689,44.44179515710285,0.14007810567612844,-0.020215120288779254
rolling50_5d,82,1.0,0.7755509552335331,0.5672018521,27,1.0,0.6145177595000689,51.34861921610077,0.14153855186030606,-0.020212221267305597
gold100_us150_1d,82,0.964694195260335,0.964694195260335,0.5410574587499997,27,0.9559114092726188,0.9559114092726188,26.25760088446662,0.14046165719924586,-0.020203195127968754
gold100_us150_2d,82,0.9741365228899357,0.964694195260335,0.54440845875,27,0.980770114414373,0.9559114092726188,29.340111035629853,0.14086991829164108,-0.020203195127968754
gold100_us150_5d,82,0.9769433860370227,0.964694195260335,0.5671388520999998,27,0.980770114414373,0.9559114092726188,29.340111035629853,0.14142791199786853,-0.020211980791079998
fixed50_focus1d,82,0.7755509552335331,0.7755509552335331,0.54504695875,27,0.6145177595000689,0.6145177595000689,-17.197868959715734,0.13979449882874673,-0.020199848719835822
fixed50_focus2d,82,0.8155104190626677,0.7755509552335331,0.54579545875,27,0.7272779488122041,0.6145177595000689,-6.949819146751357,0.14028205182255538,-0.020199848719835822
fixed50_focus5d,82,0.8653989112571213,0.7755509552335331,0.5463724587499998,27,0.868383265174838,0.6145177595000689,-2.777979879488299,0.14073198726313518,-0.020211199282863745
rolling50_focus1d,82,0.7755509552335331,0.7755509552335331,0.54504695875,27,0.6145177595000689,0.6145177595000689,-17.197868959715734,0.13979449882874673,-0.020199848719835822
rolling50_focus2d,82,0.8911340460498903,0.7755509552335331,0.5468924587499999,27,0.867205808022791,0.6145177595000689,44.44179515710285,0.1410985740073456,-0.0202006501537495
rolling50_focus5d,82,1.0,0.7755509552335331,0.54784945875,27,1.0,0.6145177595000689,51.34861921610077,0.14163443974108536,-0.02021044455024612
gold100_us150_focus1d,82,0.964694195260335,0.964694195260335,0.5476074587499999,27,0.9559114092726188,0.9559114092726188,26.25760088446662,0.14134161290516722,-0.020210204116295594
gold100_us150_focus2d,82,0.9741365228899357,0.964694195260335,0.54783695875,27,0.980770114414373,0.9559114092726188,29.340111035629853,0.1415260126758966,-0.020210204116295594
gold100_us150_focus5d,82,0.9769433860370227,0.964694195260335,0.54781295875,27,0.980770114414373,0.9559114092726188,29.340111035629853,0.1415260126758966,-0.020210204116295594
